Workbook

Sheet Calc vs Simulation
A1: Calculation vs simulation
A2: Hand calculation = Excel formula (see 'Hand calculations' sheet). Simulation = value the code or a logged run actually produced (grey). Error = (simulation - calculation) / calculation.
A4: Quantity | B4: Unit | C4: Hand calculation | D4: Simulation | E4: Error (%) | F4: What the simulation value is | G4: Comment
A5: Tank mass mt | B5: kg | C5: ='Hand calculations'!G10 | D5: 3.4692 | E5: =IF(C5=0,"-",(D5-C5)/C5) | F5: Mass the simulator gives the tank body (utilities/inertia_utils.py) | G5: Same plate model, so this checks the code's arithmetic.
A6: Tank centre-of-mass height above pivot ht | B6: m | C6: ='Hand calculations'!G11 | D6: 0.11877551 | E6: =IF(C6=0,"-",(D6-C6)/C6) | F6: Centre of mass used by the simulator | G6: Positive = above the pivot: the tank is an inverted pendulum.
A7: Tank inertia about pivot IO | B7: kg·m² | C7: ='Hand calculations'!I10 | D7: 0.15615884 | E7: =IF(C7=0,"-",(D7-C7)/C7) | F7: environment/tank_dynamics.py::tank_moment_of_inertia_about_pivot | G7: Parallel-axis theorem, 5 plates.
A8: Impulsive water mass mi | B8: kg | C8: ='Hand calculations'!C18 | D8: 10.846326 | E8: =IF(C8=0,"-",(D8-C8)/C8) | F8: utilities/housner_utils.py output | G8: Housner / ACI 350.3-06.
A9: Convective (sloshing) water mass mc | B9: kg | C9: ='Hand calculations'!C19 | D9: 9.700436 | E9: =IF(C9=0,"-",(D9-C9)/C9) | F9: utilities/housner_utils.py output | G9: Mass of the equivalent pendulum.
A10: Equivalent pendulum length Lp | B10: m | C10: ='Hand calculations'!C24 | D10: 0.13779884 | E10: =IF(C10=0,"-",(D10-C10)/C10) | F10: PendulumBackend pendulum length
A11: Sloshing frequency: pendulum model (code) | B11: Hz | C11: ='Hand calculations'!C23 | D11: 1.3428634 | E11: =IF(C11=0,"-",(D11-C11)/C11) | F11: Frequency the fast pendulum model is built with | G11: Formula vs code: should match exactly.
A12: Sloshing frequency: pendulum model (measured) | B12: Hz | C12: ='Hand calculations'!C23 | D12: 1.3 | E12: =IF(C12=0,"-",(D12-C12)/C12) | F12: FFT of the pendulum model's free oscillation | G12: Within one FFT bin (0.1 Hz) of the calculation.
A13: Sloshing frequency: real fluid (SPH) vs Housner | B13: Hz | C13: ='Hand calculations'!C23 | D13: 1.4218 | E13: =IF(C13=0,"-",(D13-C13)/C13) | F13: Peak-to-peak period of the real SPH fluid after a tilt kick | G13: Real fluid sloshes ~6% faster than the Housner pendulum predicts.
A14: Sloshing frequency: real fluid (SPH) vs potential theory | B14: Hz | C14: ='Hand calculations'!C30 | D14: 1.4218 | E14: =IF(C14=0,"-",(D14-C14)/C14) | F14: Same SPH measurement | G14: Exact linear theory with the inner length; within ~4%.
A15: LQR closed-loop sloshing frequency | B15: rad/s | C15: ='Hand calculations'!C22 | D15: 8.4406 | E15: =IF(C15=0,"-",(D15-C15)/C15) | F15: Imaginary part of the LQR closed-loop poles (python -m control.lqr_controller) | G15: Feedback barely moves the sloshing frequency, as expected.
A16: Froude number Fr | B16: - | C16: ='Hand calculations'!C34 | D16: 0.0538 | E16: =IF(C16=0,"-",(D16-C16)/C16) | F16: scripts/compute_nondimensional_numbers.py output | G16: Fr << 0.2: linear sloshing regime.
A17: Reynolds number Re | B17: - | C17: ='Hand calculations'!C36 | D17: 76760 | E17: =IF(C17=0,"-",(D17-C17)/C17) | F17: scripts/compute_nondimensional_numbers.py output | G17: Within the 1e4-1e5 lab-scale range.
A19: How to read this
A20: Rows 1-7 check that the code implements the textbook formulas correctly (errors should be ~0%).
A21: Rows 8-11 are the real test: they compare the theory against what the simulations measured.
A22: The real-fluid (SPH) frequency is 4-6% above both analytical models: good agreement for an equivalent model.
A23: Colour key: blue = fixed numbers from runs/config, green = links to the hand-calculation sheet, black = formulas.

Sheet Inputs
A1: Inputs (blue = values taken from the project's configuration)
A3: Name | B3: Symbol | C3: Value | D3: Unit | E3: Source
A4: Tank outer length (sloshing direction) | B4: L | C4: 0.4 | D4: m | E4: TankConfig.length
A5: Tank outer width | B5: W | C5: 0.25 | D5: m | E5: TankConfig.width
A6: Tank wall height | B6: h | C6: 0.3 | D6: m | E6: TankConfig.height
A7: Wall thickness | B7: t | C7: 0.006 | D7: m | E7: TankConfig.wall_thickness (6 mm cast acrylic)
A8: Acrylic density | B8: ρt | C8: 1180 | D8: kg/m³ | E8: TankConfig.density (PMMA)
A9: Water fill height | B9: H | C9: 0.2 | D9: m | E9: FluidConfig.fill_height
A10: Water density | B10: ρ | C10: 1000 | D10: kg/m³ | E10: FluidConfig.density
A11: Gravity | B11: g | C11: 9.81 | D11: m/s² | E11: WorldConfig.gravity
A12: Water dynamic viscosity (20 C) | B12: μ | C12: 0.001 | D12: Pa·s | E12: Standard property; scripts/compute_nondimensional_numbers.py
A13: Motor drive amplitude | B13: A | C13: 0.15 | D13: rad | E13: MotorConfig.amplitude_rad
A14: Motor drive frequency | B14: fd | C14: 0.4 | D14: Hz | E14: MotorConfig.frequency_hz
A15: Wave tilt used for Reynolds number | B15: θw | C15: 9.5 | D15: deg | E15: Observed ~9-10 deg in the resonance demo (main.py --fluid-viz-resonance)
A16: Liquid damping ratio | B16: ζ | C16: 0.005 | D16: - | E16: FluidConfig.damping_ratio (Sivy et al. 2017)
A18: Change a blue input and every hand calculation updates. Simulation values (grey cells on the comparison sheet) are fixed results from runs and do not change.

Sheet Hand calculations
A1: Hand calculations (every number below is an Excel formula)
A3: 1. Tank mass and inertia from its five acrylic plates
A4: Plate | B4: dim x (m) | C4: dim y (m) | D4: dim z (m) | E4: centre x (m) | F4: centre y (m) | G4: mass (kg) | H4: I about own centre (kg·m²) | I4: I about pivot O (kg·m²)
A5: Base | B5: =Inputs!$C$4 | C5: =Inputs!$C$7 | D5: =Inputs!$C$5 | E5: =0 | F5: =-Inputs!$C$7/2 | G5: =Inputs!$C$8*B5*C5*D5 | H5: =G5*(B5^2+C5^2)/12 | I5: =H5+G5*(E5^2+F5^2)
A6: Side wall (+z) | B6: =Inputs!$C$4 | C6: =Inputs!$C$6 | D6: =Inputs!$C$7 | E6: =0 | F6: =Inputs!$C$6/2 | G6: =Inputs!$C$8*B6*C6*D6 | H6: =G6*(B6^2+C6^2)/12 | I6: =H6+G6*(E6^2+F6^2)
A7: Side wall (-z) | B7: =Inputs!$C$4 | C7: =Inputs!$C$6 | D7: =Inputs!$C$7 | E7: =0 | F7: =Inputs!$C$6/2 | G7: =Inputs!$C$8*B7*C7*D7 | H7: =G7*(B7^2+C7^2)/12 | I7: =H7+G7*(E7^2+F7^2)
A8: End wall (+x) | B8: =Inputs!$C$7 | C8: =Inputs!$C$6 | D8: =Inputs!$C$5 | E8: =Inputs!$C$4/2-Inputs!$C$7/2 | F8: =Inputs!$C$6/2 | G8: =Inputs!$C$8*B8*C8*D8 | H8: =G8*(B8^2+C8^2)/12 | I8: =H8+G8*(E8^2+F8^2)
A9: End wall (-x) | B9: =Inputs!$C$7 | C9: =Inputs!$C$6 | D9: =Inputs!$C$5 | E9: =-(Inputs!$C$4/2-Inputs!$C$7/2) | F9: =Inputs!$C$6/2 | G9: =Inputs!$C$8*B9*C9*D9 | H9: =G9*(B9^2+C9^2)/12 | I9: =H9+G9*(E9^2+F9^2)
A10: Total | G10: =SUM(G5:G9) | I10: =SUM(I5:I9)
A11: Tank centre of mass height above pivot O, ht = Σ(m·y) / Σm (m) | G11: =SUMPRODUCT(G5:G9,F5:F9)/G10
A12: Plate mass: m = ρt·a·b·c. Inertia about O: IO = m(a2 + b2)/12 + m(x2 + y2) (parallel-axis theorem; rotation axis z through O)
A14: 2. Housner (1963) / ACI 350.3-06 equivalent model of the water
A15: Quantity | B15: Formula | C15: Value
A16: Total water mass m (kg) | C16: =Inputs!$C$10*Inputs!$C$4*Inputs!$C$5*Inputs!$C$9
A17: Aspect ratio L/H (-) | C17: =Inputs!$C$4/Inputs!$C$9
A18: Impulsive mass mi (kg) | C18: =TANH(0.866*C17)/(0.866*C17)*C16
A19: Convective mass mc (kg) | C19: =0.264*C17*TANH(3.16*Inputs!$C$9/Inputs!$C$4)*C16
A20: Impulsive height hi (m) | C20: =IF(C17>=1.333,0.5-0.09375*C17,0.375)*Inputs!$C$9
A21: Convective height hc (m) | C21: =(1-(COSH(3.16*Inputs!$C$9/Inputs!$C$4)-1)/(3.16*Inputs!$C$9/Inputs!$C$4*SINH(3.16*Inputs!$C$9/Inputs!$C$4)))*Inputs!$C$9
A22: Sloshing natural frequency ωn (rad/s) | C22: =SQRT(3.16*Inputs!$C$11/Inputs!$C$4*TANH(3.16*Inputs!$C$9/Inputs!$C$4))
A23: Sloshing natural frequency fn (Hz) | C23: =C22/(2*PI())
A24: Equivalent pendulum length Lp (m) | C24: =Inputs!$C$11/C22^2
A25: Modelled mass fraction (-) | C25: =(C18+C19)/C16
A27: 3. Exact linear potential-flow sloshing frequency (alternative analytical check)
A28: Inner tank length Lin (m) | C28: =Inputs!$C$4-2*Inputs!$C$7
A29: First-mode frequency ω1 (rad/s) | C29: =SQRT(PI()*Inputs!$C$11/C28*TANH(PI()*Inputs!$C$9/C28))
A30: First-mode frequency f1 (Hz) | C30: =C29/(2*PI())
A32: 4. Non-dimensional numbers (flow regime)
A33: Peak tank angular velocity Ωmax (rad/s) | C33: =Inputs!$C$13*2*PI()*Inputs!$C$14
A34: Froude number Fr (-) | C34: =C33*(Inputs!$C$4/2)/SQRT(Inputs!$C$11*Inputs!$C$9)
A35: Wave amplitude ηmax (m) | C35: =C24*SIN(RADIANS(Inputs!$C$15))
A36: Reynolds number Re (-) | C36: =Inputs!$C$10*C22*C35*Inputs!$C$4/Inputs!$C$12
A37: Fr << 0.2 means small, smooth (linear) sloshing; Re ~1e4-1e5 is typical of lab-scale water sloshing.
